{
  "confusion_matrix": [
    [
      16,
      2
    ],
    [
      0,
      17
    ]
  ],
  "classification_report": {
    "0": {
      "precision": 1.0,
      "recall": 0.8888888888888888,
      "f1-score": 0.9411764705882353,
      "support": 18.0
    },
    "1": {
      "precision": 0.8947368421052632,
      "recall": 1.0,
      "f1-score": 0.9444444444444444,
      "support": 17.0
    },
    "accuracy": 0.9428571428571428,
    "macro avg": {
      "precision": 0.9473684210526316,
      "recall": 0.9444444444444444,
      "f1-score": 0.9428104575163399,
      "support": 35.0
    },
    "weighted avg": {
      "precision": 0.9488721804511278,
      "recall": 0.9428571428571428,
      "f1-score": 0.9427637721755369,
      "support": 35.0
    }
  },
  "roc_auc": 1.0,
  "n_train": 102,
  "n_test": 35
}