{
  "confusion_matrix": [
    [
      12,
      2
    ],
    [
      0,
      14
    ]
  ],
  "classification_report": {
    "0": {
      "precision": 1.0,
      "recall": 0.8571428571428571,
      "f1-score": 0.9230769230769231,
      "support": 14.0
    },
    "1": {
      "precision": 0.875,
      "recall": 1.0,
      "f1-score": 0.9333333333333333,
      "support": 14.0
    },
    "accuracy": 0.9285714285714286,
    "macro avg": {
      "precision": 0.9375,
      "recall": 0.9285714285714286,
      "f1-score": 0.9282051282051282,
      "support": 28.0
    },
    "weighted avg": {
      "precision": 0.9375,
      "recall": 0.9285714285714286,
      "f1-score": 0.9282051282051282,
      "support": 28.0
    }
  },
  "roc_auc": 1.0,
  "n_train": 109,
  "n_test": 28
}